time,frame,hand_px_x,hand_px_y,tip_x_m,tip_y_m,tip_z_m,distance_m,contact
1761308483.9016407,1,nan,0
1761308484.0639257,2,nan,0
1761308484.415633,3,nan,0
1761308484.592614,4,nan,0
1761308484.7688327,5,nan,0
1761308484.9428961,6,nan,0
1761308485.1098847,7,nan,0
1761308485.287775,8,nan,0
1761308485.4825487,9,nan,0
1761308485.6773,10,nan,0
1761308485.992952,11,nan,0
1761308486.1991463,12,nan,0
1761308486.3799527,13,nan,0
1761308486.541533,14,nan,0
1761308486.6892533,15,nan,0
1761308486.8486333,16,nan,0
1761308487.0315971,17,nan,0
1761308487.1932173,18,nan,0
1761308487.34979,19,nan,0
1761308488.076206,20,nan,0
1761308488.255257,21,nan,0
1761308488.4579005,22,nan,0
1761308488.627234,23,nan,0
1761308488.7802372,24,nan,0
1761308488.91917,25,nan,0
1761308489.6276186,26,nan,0
1761308489.765635,27,nan,0
1761308489.9106393,28,nan,0
1761308490.0470278,29,nan,0
1761308490.1885164,30,nan,0
1761308490.3298187,31,nan,0
1761308490.4713893,32,nan,0
1761308490.6072943,33,nan,0
1761308490.7468019,34,nan,0
1761308490.88877,35,nan,0
1761308491.0310602,36,nan,0
1761308491.1714728,37,nan,0
1761308491.3145952,38,nan,0
1761308491.4807007,39,nan,0
1761308491.6427975,40,nan,0
1761308491.8030772,41,nan,0
1761308491.9487913,42,nan,0
1761308492.1032155,43,nan,0
1761308492.2450874,44,nan,0
1761308492.398777,45,nan,0
1761308492.5553274,46,nan,0
1761308492.711354,47,nan,0
1761308492.8509927,48,nan,0
1761308492.9919462,49,nan,0
1761308493.1319861,50,nan,0
1761308493.2774715,51,nan,0
1761308493.437376,52,nan,0
1761308493.6365182,53,nan,0
1761308493.8005087,54,nan,0
1761308493.947762,55,nan,0
1761308494.1005318,56,nan,0
1761308494.2565548,57,nan,0
1761308494.4053218,58,nan,0
1761308494.5451617,59,nan,0
1761308494.6909428,60,nan,0
1761308494.839559,61,nan,0
1761308494.9794533,62,nan,0
1761308495.1197617,63,nan,0
1761308495.2625418,64,nan,0
1761308495.4025846,65,nan,0
1761308495.5427516,66,nan,0
1761308495.6938953,67,nan,0
1761308495.834002,68,nan,0
1761308495.9898257,69,nan,0
1761308496.1410003,70,nan,0
1761308496.291464,71,nan,0
1761308496.4417715,72,nan,0
1761308496.6015446,73,nan,0
1761308496.7655716,74,nan,0
1761308496.9077973,75,nan,0
1761308497.1308365,76,1.1362438767648086e-16,1
1761308497.2847946,77,nan,0
1761308497.431504,78,nan,0
1761308497.5660846,79,nan,0
1761308497.6896667,80,nan,0
1761308497.8123686,81,nan,0
1761308497.9366,82,nan,0
1761308498.0686889,83,6.071532165918825e-18,1
1761308498.2035384,84,2.7755575615628914e-17,1
1761308498.3455026,85,nan,0
1761308498.4852405,86,2.7755575615628914e-17,1
1761308498.6065087,87,nan,0
1761308498.7423637,88,8.326672684688674e-17,1
1761308498.8777647,89,9.71445146547012e-17,1
1761308499.0183191,90,nan,0
1761308499.1590075,91,nan,0
1761308499.295517,92,nan,0
1761308499.422715,93,nan,0
1761308499.558799,94,6.071532165918825e-18,1
1761308499.6802711,95,6.938893903907228e-17,1
1761308499.80405,96,6.938893903907228e-17,1
1761308499.9349403,97,8.326672684688674e-17,1
1761308500.0573745,98,8.326672684688674e-17,1
1761308500.1800654,99,1.3877787807814457e-17,1
1761308500.3174288,100,nan,0
1761308500.4504762,101,6.938893903907228e-17,1
1761308500.5911083,102,4.163336342344337e-17,1
1761308500.72886,103,2.7755575615628914e-17,1
1761308500.847425,104,2.7755575615628914e-17,1
1761308500.974439,105,5.551115123125783e-17,1
1761308501.0997334,106,6.938893903907228e-17,1
1761308501.22843,107,0.0,1
1761308501.3725545,108,2.7755575615628914e-17,1
1761308501.505783,109,nan,0
1761308501.626772,110,0.0,1
1761308501.7490978,111,2.7755575615628914e-17,1
1761308501.8774974,112,8.326672684688674e-17,1
1761308502.021499,113,5.551115123125783e-17,1
1761308502.1610084,114,5.551115123125783e-17,1
1761308502.2991328,115,5.551115123125783e-17,1
1761308502.4403048,116,2.7755575615628914e-17,1
1761308502.5789113,117,8.326672684688674e-17,1
1761308502.7184162,118,0.0,1
1761308502.8600395,119,0.0,1
1761308503.0145712,120,0.0,1
1761308503.1814084,121,5.551115123125783e-17,1
1761308503.3067832,122,2.7755575615628914e-17,1
1761308503.4340842,123,8.326672684688674e-17,1
1761308503.5749795,124,2.7755575615628914e-17,1
1761308503.7250922,125,5.551115123125783e-17,1
1761308503.889679,126,2.7755575615628914e-17,1
1761308504.0251403,127,2.7755575615628914e-17,1
1761308504.1618369,128,0.0,1
1761308504.2974784,129,5.551115123125783e-17,1
1761308504.422391,130,5.551115123125783e-17,1
1761308504.5622873,131,8.326672684688674e-17,1
1761308504.69346,132,8.326672684688674e-17,1
1761308504.8226326,133,2.7755575615628914e-17,1
1761308504.9436944,134,0.0,1
1761308505.067625,135,1.1102230246251565e-16,1
1761308505.1935236,136,8.326672684688674e-17,1
1761308505.321557,137,0.0,1
1761308505.4446464,138,8.326672684688674e-17,1
1761308505.570053,139,8.326672684688674e-17,1
1761308505.7254834,140,5.551115123125783e-17,1
1761308505.8876696,141,5.551115123125783e-17,1
1761308506.0226362,142,5.551115123125783e-17,1
1761308506.1470642,143,0.0,1
1761308506.2778924,144,0.0,1
1761308506.4191885,145,5.551115123125783e-17,1
1761308506.5578985,146,0.0,1
1761308506.6794448,147,2.7755575615628914e-17,1
1761308506.8027525,148,5.551115123125783e-17,1
1761308506.930577,149,1.1102230246251565e-16,1
1761308507.0623102,150,5.551115123125783e-17,1
1761308507.197315,151,0.0,1
1761308507.3304627,152,5.551115123125783e-17,1
1761308507.46895,153,2.7755575615628914e-17,1
1761308507.5924664,154,5.551115123125783e-17,1
1761308507.719874,155,2.7755575615628914e-17,1
1761308507.843339,156,1.1102230246251565e-16,1
1761308507.9674428,157,2.7755575615628914e-17,1
1761308508.0940754,158,1.3877787807814457e-16,1
1761308508.2159452,159,4.163336342344337e-17,1
1761308508.339264,160,0.0,1
1761308508.464955,161,0.0,1
1761308508.585633,162,2.7755575615628914e-17,1
1761308508.7161672,163,2.7755575615628914e-17,1
1761308508.8397672,164,8.326672684688674e-17,1
1761308508.9656756,165,nan,0
1761308509.09981,166,nan,0
1761308509.231518,167,nan,0
1761308509.3565164,168,nan,0
1761308509.4909952,169,nan,0
1761308509.6119335,170,nan,0
1761308509.7383487,171,nan,0
1761308509.8642547,172,nan,0
1761308509.9857466,173,nan,0
1761308510.1145434,174,nan,0
1761308510.237798,175,nan,0
1761308510.3668354,176,nan,0
1761308510.4988055,177,nan,0
1761308510.629978,178,nan,0
1761308510.75194,179,nan,0
1761308510.893301,180,nan,0
1761308511.020828,181,nan,0
1761308511.1676254,182,nan,0
1761308511.3454983,183,nan,0
1761308511.496092,184,nan,0
1761308511.6325235,185,nan,0
1761308511.775397,186,nan,0
1761308511.9165094,187,nan,0
1761308512.051313,188,nan,0
1761308512.19491,189,nan,0
1761308512.335977,190,nan,0
1761308512.474949,191,nan,0
1761308512.6109245,192,nan,0
1761308512.7544472,193,nan,0
1761308512.8931787,194,nan,0
1761308513.033029,195,nan,0
1761308513.1734169,196,nan,0
1761308513.3142953,197,nan,0
1761308513.459125,198,nan,0
1761308513.6104114,199,nan,0
1761308513.7583857,200,nan,0
1761308513.9113426,201,nan,0
1761308514.0749452,202,nan,0
1761308514.2149398,203,nan,0
1761308514.3544545,204,nan,0
1761308514.4933174,205,nan,0
1761308514.6345189,206,nan,0
1761308514.7720094,207,nan,0
1761308514.9168987,208,nan,0
1761308515.051568,209,nan,0
1761308515.1903338,210,nan,0
1761308515.3329065,211,nan,0
1761308515.4715781,212,nan,0
1761308515.6140485,213,nan,0
1761308515.754655,214,nan,0
1761308515.8870907,215,nan,0
1761308516.0272353,216,nan,0
1761308516.1464925,217,nan,0
1761308516.2758684,218,nan,0
1761308516.3991618,219,nan,0
1761308516.5213783,220,nan,0
1761308516.6487694,221,nan,0
1761308516.7697215,222,nan,0
1761308516.8941472,223,nan,0
1761308517.019338,224,nan,0
1761308517.146927,225,nan,0
1761308517.2682407,226,3.122502256758253e-17,1
1761308517.3945286,227,4.5102810375396984e-17,1
1761308517.521483,228,nan,0
1761308517.6452634,229,nan,0
1761308517.7699606,230,nan,0
1761308517.8985841,231,nan,0
1761308518.0349054,232,nan,0
1761308518.1632025,233,nan,0
1761308518.2973537,234,nan,0
1761308518.424823,235,nan,0
1761308518.5516064,236,nan,0
1761308518.6737337,237,nan,0
1761308518.8018346,238,nan,0
1761308518.9404485,239,nan,0
1761308519.0627904,240,nan,0
1761308519.1895955,241,nan,0
1761308519.3136327,242,nan,0
1761308519.4420028,243,nan,0
1761308519.5631766,244,nan,0
1761308519.6839623,245,0.0,1
1761308519.8100445,246,1.3877787807814457e-17,1
1761308519.934273,247,1.3877787807814457e-17,1
1761308520.067228,248,1.3877787807814457e-17,1
1761308520.1962802,249,1.3877787807814457e-17,1
1761308520.32656,250,1.3877787807814457e-17,1
1761308520.4707184,251,1.3877787807814457e-17,1
1761308520.6144376,252,2.7755575615628914e-17,1
1761308520.7756782,253,1.3877787807814457e-17,1
1761308520.9220219,254,1.3877787807814457e-17,1
1761308521.0513563,255,0.0,1
1761308521.1801379,256,nan,0
1761308521.318262,257,0.0,1
1761308521.4465463,258,nan,0
1761308521.583753,259,nan,0
1761308521.7209134,260,nan,0
1761308521.8389359,261,nan,0
1761308521.9677253,262,nan,0
1761308522.0970402,263,1.3877787807814457e-17,1
1761308522.219661,264,0.0,1
1761308522.3482914,265,2.7755575615628914e-17,1
1761308522.484038,266,0.0,1
1761308522.6274185,267,1.3877787807814457e-17,1
1761308522.7470994,268,0.0,1
1761308522.87063,269,nan,0
1761308522.9941187,270,0.0,1
1761308523.1244924,271,1.3877787807814457e-17,1
1761308523.2675154,272,nan,0
1761308523.400668,273,nan,0
1761308523.5249338,274,nan,0
1761308523.6569808,275,nan,0
1761308523.7962632,276,nan,0
1761308523.9363902,277,nan,0
1761308524.0779757,278,0.0,1
1761308524.2325947,279,1.3877787807814457e-17,1
1761308524.3651745,280,nan,0
1761308524.4984334,281,nan,0
1761308524.6332805,282,nan,0
1761308524.759248,283,nan,0
1761308524.877391,284,nan,0
1761308525.000145,285,nan,0
1761308525.1286364,286,nan,0
1761308525.2582111,287,nan,0
1761308525.3919237,288,nan,0
1761308525.5173194,289,nan,0
1761308525.6438413,290,nan,0
1761308525.7664666,291,nan,0
1761308525.8891888,292,nan,0
1761308526.011986,293,nan,0
1761308526.134039,294,nan,0
1761308526.2635067,295,nan,0
1761308526.3980772,296,nan,0
1761308526.5519373,297,nan,0
1761308526.6991014,298,6.938893903907228e-18,1
1761308526.8456602,299,0.0,1
1761308526.9833956,300,nan,0
1761308527.141424,301,nan,0
1761308527.2871897,302,nan,0
1761308527.462231,303,nan,0
1761308527.6088755,304,nan,0
1761308527.7765317,305,nan,0
1761308527.9441504,306,nan,0
1761308528.11175,307,nan,0
1761308528.2734447,308,nan,0
1761308528.427736,309,nan,0
1761308528.5977666,310,nan,0
1761308528.7537522,311,nan,0
1761308528.9808185,312,0.0,1
1761308529.1432695,313,2.7755575615628914e-17,1
1761308529.28142,314,nan,0
1761308529.4244757,315,nan,0
1761308529.5604317,316,nan,0
1761308529.7026267,317,6.938893903907228e-18,1
1761308529.8468347,318,nan,0
1761308530.0041928,319,nan,0
1761308530.1654434,320,nan,0
1761308530.3199124,321,nan,0
1761308530.4854937,322,6.938893903907228e-18,1
1761308530.633996,323,nan,0
1761308530.7711313,324,nan,0
1761308530.8925831,325,nan,0
1761308531.016377,326,nan,0
1761308531.1418219,327,nan,0
1761308531.2687085,328,nan,0
1761308531.3994954,329,nan,0
1761308531.5368505,330,nan,0
1761308531.6743457,331,nan,0
1761308531.7977226,332,nan,0
1761308531.9173493,333,nan,0
1761308532.0447986,334,nan,0
1761308532.160762,335,nan,0
1761308532.2881694,336,0.0,1
1761308532.415032,337,nan,0
1761308532.5461385,338,0.0,1
1761308532.6668181,339,0.0,1
1761308532.7931364,340,0.0,1
1761308532.9197488,341,1.3877787807814457e-17,1
1761308533.043636,342,1.3877787807814457e-17,1
1761308533.166858,343,0.0,1
1761308533.2869668,344,1.3877787807814457e-17,1
1761308533.4220393,345,0.0,1
1761308533.5613728,346,0.0,1
1761308533.7000957,347,1.3877787807814457e-17,1
1761308533.8340142,348,0.0,1
1761308533.9604633,349,1.3877787807814457e-17,1
1761308534.0824435,350,2.0816681711721685e-17,1
1761308534.2038965,351,0.0,1
1761308534.3432107,352,0.0,1
1761308534.488676,353,1.3877787807814457e-17,1
1761308534.6080391,354,0.0,1
1761308534.738137,355,1.3877787807814457e-17,1
1761308534.8601902,356,1.3877787807814457e-17,1
1761308534.977714,357,1.3877787807814457e-17,1
1761308535.106616,358,6.938893903907228e-18,1
1761308535.237537,359,1.3877787807814457e-17,1
1761308535.355297,360,1.3877787807814457e-17,1
1761308535.4829693,361,0.0,1
1761308535.610733,362,1.3877787807814457e-17,1
1761308535.739374,363,0.0,1
1761308535.887485,364,6.938893903907228e-18,1
1761308536.0068343,365,6.938893903907228e-18,1
1761308536.1368966,366,1.3877787807814457e-17,1
1761308536.271073,367,6.938893903907228e-18,1
1761308536.4053044,368,1.3877787807814457e-17,1
1761308536.5425942,369,1.3877787807814457e-17,1
1761308536.6818025,370,0.0,1
1761308536.8050475,371,6.938893903907228e-18,1
1761308536.924455,372,6.938893903907228e-18,1
1761308537.0497093,373,6.938893903907228e-18,1
1761308537.1728384,374,2.0816681711721685e-17,1
1761308537.2987819,375,6.938893903907228e-18,1
1761308537.4229796,376,0.0,1
1761308537.5482812,377,0.0,1
1761308537.6762633,378,0.0,1
1761308537.80432,379,1.3877787807814457e-17,1
1761308537.9357445,380,1.3877787807814457e-17,1
1761308538.0723252,381,2.7755575615628914e-17,1
1761308538.188933,382,0.0,1
1761308538.31921,383,3.469446951953614e-18,1
1761308538.4432223,384,8.673617379884035e-17,1
1761308538.5616207,385,1.3877787807814457e-16,1
1761308538.6941447,386,6.938893903907228e-18,1
1761308538.8212557,387,6.591949208711867e-17,1
1761308538.9625115,388,2.42861286636753e-17,1
1761308539.1003726,389,5.204170427930421e-17,1
1761308539.2277393,390,2.7755575615628914e-17,1
1761308539.3587284,391,6.938893903907228e-17,1
1761308539.4880219,392,4.163336342344337e-17,1
1761308539.6085417,393,nan,0
1761308539.73199,394,nan,0
1761308539.8610857,395,nan,0
1761308539.9846444,396,nan,0
1761308540.1114366,397,nan,0
1761308540.24731,398,nan,0
1761308540.3684802,399,nan,0
1761308540.4884522,400,nan,0
1761308540.6122959,401,nan,0
1761308540.7416842,402,nan,0
1761308540.8638456,403,nan,0
1761308540.9952989,404,nan,0
1761308541.135994,405,nan,0
1761308541.2579234,406,nan,0
1761308541.3807182,407,nan,0
1761308541.505227,408,nan,0
1761308541.6377425,409,nan,0
1761308541.7484224,410,nan,0
1761308541.8753788,411,nan,0
1761308542.0034387,412,nan,0
1761308542.1341496,413,nan,0
1761308542.255862,414,nan,0
1761308542.3928502,415,nan,0
1761308542.518582,416,nan,0
1761308542.640106,417,nan,0
1761308542.791305,418,nan,0
1761308542.9216452,419,nan,0
1761308543.0460188,420,nan,0
1761308543.1670065,421,nan,0
1761308543.295579,422,nan,0
1761308543.4170198,423,nan,0
1761308543.5454042,424,nan,0
1761308543.67323,425,nan,0
1761308543.8160114,426,nan,0
1761308543.9535275,427,nan,0
1761308544.119602,428,nan,0
1761308544.2412689,429,nan,0
1761308544.3557732,430,nan,0
