time,frame,tip_cam_x,tip_cam_y,tip_cam_z,contact
1760316883.5422897,1,nan,nan,nan,0
1760316883.8205624,2,nan,nan,nan,0
1760316884.0888772,3,nan,nan,nan,0
1760316884.1957798,4,nan,nan,nan,0
1760316884.303816,5,nan,nan,nan,0
1760316884.4155598,6,nan,nan,nan,0
1760316884.5155914,7,nan,nan,nan,0
1760316884.6217203,8,nan,nan,nan,0
1760316884.727168,9,nan,nan,nan,0
1760316884.8341684,10,nan,nan,nan,0
1760316884.9442127,11,nan,nan,nan,0
1760316885.0535197,12,nan,nan,nan,0
1760316885.1619403,13,nan,nan,nan,0
1760316885.271393,14,nan,nan,nan,0
1760316885.380039,15,nan,nan,nan,0
1760316885.4897668,16,nan,nan,nan,0
1760316885.6000915,17,nan,nan,nan,0
1760316885.720607,18,nan,nan,nan,0
1760316885.8364408,19,nan,nan,nan,0
1760316885.951691,20,nan,nan,nan,0
1760316886.0606954,21,nan,nan,nan,0
1760316886.1670268,22,nan,nan,nan,0
1760316886.273286,23,nan,nan,nan,0
1760316886.3757944,24,nan,nan,nan,0
1760316886.4797919,25,nan,nan,nan,0
1760316886.5842404,26,nan,nan,nan,0
1760316886.6892374,27,nan,nan,nan,0
1760316886.7979996,28,nan,nan,nan,0
1760316886.916736,29,nan,nan,nan,0
1760316887.0190914,30,nan,nan,nan,0
1760316887.135792,31,nan,nan,nan,0
1760316887.2543945,32,nan,nan,nan,0
1760316887.3665998,33,nan,nan,nan,0
1760316887.4789603,34,nan,nan,nan,0
1760316887.5842905,35,nan,nan,nan,0
1760316887.6892946,36,nan,nan,nan,0
1760316887.7956505,37,nan,nan,nan,0
1760316887.9003692,38,nan,nan,nan,0
1760316888.0044475,39,nan,nan,nan,0
1760316888.0986824,40,nan,nan,nan,0
1760316888.1941683,41,nan,nan,nan,0
1760316888.2910604,42,nan,nan,nan,0
1760316888.3878465,43,nan,nan,nan,0
1760316888.483053,44,nan,nan,nan,0
1760316888.582147,45,nan,nan,nan,0
1760316888.6815922,46,nan,nan,nan,0
1760316888.7804923,47,nan,nan,nan,0
1760316888.8790593,48,nan,nan,nan,0
1760316888.977943,49,nan,nan,nan,0
1760316889.0891702,50,nan,nan,nan,0
1760316889.1879728,51,nan,nan,nan,0
1760316889.286926,52,nan,nan,nan,0
1760316889.3846204,53,nan,nan,nan,0
1760316889.482497,54,nan,nan,nan,0
1760316889.582166,55,nan,nan,nan,0
1760316889.6828506,56,nan,nan,nan,0
1760316889.7829738,57,nan,nan,nan,0
1760316889.8831577,58,nan,nan,nan,0
1760316889.9829051,59,nan,nan,nan,0
1760316890.0872858,60,nan,nan,nan,0
1760316890.186833,61,nan,nan,nan,0
1760316890.2879493,62,nan,nan,nan,0
1760316890.388064,63,nan,nan,nan,0
1760316890.4895132,64,nan,nan,nan,0
1760316890.5936723,65,nan,nan,nan,0
1760316890.6977787,66,nan,nan,nan,0
1760316890.8005378,67,nan,nan,nan,0
1760316890.90061,68,nan,nan,nan,0
1760316891.0025318,69,nan,nan,nan,0
1760316891.1051648,70,nan,nan,nan,0
1760316891.210096,71,nan,nan,nan,0
1760316891.3123548,72,nan,nan,nan,0
1760316891.4166892,73,nan,nan,nan,0
1760316891.5190125,74,nan,nan,nan,0
1760316891.6242478,75,nan,nan,nan,0
1760316891.728666,76,nan,nan,nan,0
1760316891.8337753,77,nan,nan,nan,0
1760316891.9373171,78,nan,nan,nan,0
1760316892.0420377,79,nan,nan,nan,0
1760316892.1457853,80,nan,nan,nan,0
1760316892.25219,81,nan,nan,nan,0
1760316892.355881,82,nan,nan,nan,0
1760316892.4602332,83,nan,nan,nan,0
1760316892.5573914,84,nan,nan,nan,0
1760316892.6524336,85,nan,nan,nan,0
1760316892.7638047,86,nan,nan,nan,0
1760316892.8604698,87,nan,nan,nan,0
1760316892.9573975,88,nan,nan,nan,0
1760316893.0548913,89,nan,nan,nan,0
1760316893.1515865,90,nan,nan,nan,0
1760316893.249145,91,nan,nan,nan,0
1760316893.3451788,92,nan,nan,nan,0
1760316893.4429002,93,nan,nan,nan,0
1760316893.5421922,94,nan,nan,nan,0
1760316893.6414802,95,nan,nan,nan,0
1760316893.737108,96,nan,nan,nan,0
1760316893.831433,97,nan,nan,nan,0
1760316893.9267817,98,nan,nan,nan,0
1760316894.0199313,99,nan,nan,nan,0
1760316894.1148012,100,nan,nan,nan,0
1760316894.2087193,101,nan,nan,nan,0
1760316894.3040793,102,nan,nan,nan,0
1760316894.3959997,103,nan,nan,nan,0
1760316894.4902337,104,nan,nan,nan,0
1760316894.584879,105,nan,nan,nan,0
1760316894.6790338,106,nan,nan,nan,0
1760316894.7734964,107,nan,nan,nan,0
1760316894.8677225,108,nan,nan,nan,0
1760316894.9630394,109,nan,nan,nan,0
1760316895.055501,110,nan,nan,nan,0
1760316895.151896,111,nan,nan,nan,0
1760316895.246679,112,nan,nan,nan,0
1760316895.3415892,113,nan,nan,nan,0
1760316895.4362478,114,nan,nan,nan,0
1760316895.5305016,115,nan,nan,nan,0
1760316895.6286433,116,nan,nan,nan,0
1760316895.723781,117,nan,nan,nan,0
1760316895.820548,118,nan,nan,nan,0
1760316895.91678,119,nan,nan,nan,0
1760316896.010882,120,nan,nan,nan,0
1760316896.1053689,121,nan,nan,nan,0
1760316896.2048638,122,nan,nan,nan,0
1760316896.303723,123,nan,nan,nan,0
1760316896.4025319,124,nan,nan,nan,0
1760316896.4984267,125,nan,nan,nan,0
1760316896.5947971,126,nan,nan,nan,0
1760316896.694541,127,nan,nan,nan,0
1760316896.7906673,128,nan,nan,nan,0
1760316896.887459,129,nan,nan,nan,0
1760316896.9827394,130,nan,nan,nan,0
1760316897.0807533,131,nan,nan,nan,0
1760316897.1786242,132,nan,nan,nan,0
1760316897.2764797,133,nan,nan,nan,0
1760316897.3748646,134,nan,nan,nan,0
1760316897.4733646,135,nan,nan,nan,0
1760316897.573351,136,nan,nan,nan,0
1760316897.671979,137,nan,nan,nan,0
1760316897.771045,138,nan,nan,nan,0
1760316897.873818,139,nan,nan,nan,0
1760316897.9692478,140,nan,nan,nan,0
1760316898.068021,141,nan,nan,nan,0
1760316898.162431,142,nan,nan,nan,0
1760316898.2588122,143,nan,nan,nan,0
1760316898.3534865,144,nan,nan,nan,0
1760316898.4505224,145,nan,nan,nan,0
1760316898.546124,146,nan,nan,nan,0
1760316898.6434834,147,nan,nan,nan,0
1760316898.7398798,148,nan,nan,nan,0
1760316898.8354921,149,nan,nan,nan,0
1760316898.931359,150,nan,nan,nan,0
1760316899.0281203,151,nan,nan,nan,0
1760316899.1224918,152,nan,nan,nan,0
1760316899.219026,153,nan,nan,nan,0
1760316899.315768,154,nan,nan,nan,0
1760316899.4102175,155,nan,nan,nan,0
1760316899.503773,156,nan,nan,nan,0
1760316899.60344,157,nan,nan,nan,0
1760316899.6973686,158,nan,nan,nan,0
1760316899.7923315,159,nan,nan,nan,0
1760316899.8869283,160,nan,nan,nan,0
1760316899.9833848,161,nan,nan,nan,0
1760316900.0788796,162,nan,nan,nan,0
1760316900.1728063,163,nan,nan,nan,0
1760316900.2680817,164,nan,nan,nan,0
1760316900.3613777,165,nan,nan,nan,0
1760316900.4567769,166,nan,nan,nan,0
1760316900.549885,167,nan,nan,nan,0
1760316900.6452467,168,nan,nan,nan,0
1760316900.7403367,169,nan,nan,nan,0
1760316900.836528,170,nan,nan,nan,0
1760316900.9327133,171,nan,nan,nan,0
1760316901.026714,172,nan,nan,nan,0
1760316901.1223426,173,nan,nan,nan,0
1760316901.2179961,174,nan,nan,nan,0
1760316901.3108964,175,nan,nan,nan,0
1760316901.4049633,176,nan,nan,nan,0
1760316901.5002456,177,nan,nan,nan,0
1760316901.5972428,178,nan,nan,nan,0
1760316901.6926455,179,nan,nan,nan,0
1760316901.7884147,180,nan,nan,nan,0
1760316901.882516,181,nan,nan,nan,0
1760316901.9766011,182,nan,nan,nan,0
1760316902.071183,183,nan,nan,nan,0
1760316902.166941,184,nan,nan,nan,0
1760316902.260294,185,nan,nan,nan,0
1760316902.353656,186,nan,nan,nan,0
1760316902.447245,187,nan,nan,nan,0
1760316902.5417144,188,nan,nan,nan,0
1760316902.635603,189,nan,nan,nan,0
1760316902.7279892,190,nan,nan,nan,0
1760316902.8210871,191,nan,nan,nan,0
1760316902.9160628,192,nan,nan,nan,0
1760316903.0103269,193,nan,nan,nan,0
1760316903.1022391,194,nan,nan,nan,0
1760316903.1957474,195,nan,nan,nan,0
1760316903.2890244,196,nan,nan,nan,0
1760316903.383668,197,nan,nan,nan,0
1760316903.4764092,198,nan,nan,nan,0
1760316903.571897,199,nan,nan,nan,0
1760316903.6694126,200,nan,nan,nan,0
1760316903.768341,201,nan,nan,nan,0
1760316903.8676853,202,nan,nan,nan,0
1760316903.9650908,203,nan,nan,nan,0
1760316904.0630229,204,nan,nan,nan,0
1760316904.1609447,205,nan,nan,nan,0
1760316904.2586381,206,nan,nan,nan,0
1760316904.3558025,207,nan,nan,nan,0
1760316904.4554098,208,nan,nan,nan,0
1760316904.550689,209,nan,nan,nan,0
1760316904.6492462,210,nan,nan,nan,0
1760316904.7479784,211,nan,nan,nan,0
1760316904.843657,212,nan,nan,nan,0
1760316904.9599035,213,nan,nan,nan,0
1760316905.0578578,214,nan,nan,nan,0
1760316905.1576636,215,nan,nan,nan,0
1760316905.2540808,216,nan,nan,nan,0
1760316905.3516827,217,nan,nan,nan,0
1760316905.449202,218,nan,nan,nan,0
1760316905.5527396,219,nan,nan,nan,0
1760316905.6519074,220,nan,nan,nan,0
1760316905.749254,221,nan,nan,nan,0
1760316905.8503535,222,nan,nan,nan,0
1760316905.9486542,223,nan,nan,nan,0
1760316906.048616,224,nan,nan,nan,0
1760316906.1466823,225,nan,nan,nan,0
1760316906.2428193,226,nan,nan,nan,0
1760316906.339784,227,nan,nan,nan,0
1760316906.4342122,228,nan,nan,nan,0
1760316906.5327766,229,nan,nan,nan,0
1760316906.6317973,230,nan,nan,nan,0
1760316906.72653,231,nan,nan,nan,0
1760316906.8204367,232,nan,nan,nan,0
1760316906.9147682,233,nan,nan,nan,0
1760316907.0081847,234,nan,nan,nan,0
1760316907.1022918,235,nan,nan,nan,0
1760316907.1982067,236,nan,nan,nan,0
1760316907.2940073,237,nan,nan,nan,0
1760316907.3899262,238,nan,nan,nan,0
1760316907.4868836,239,nan,nan,nan,0
1760316907.5866334,240,nan,nan,nan,0
1760316907.6819897,241,nan,nan,nan,0
1760316907.7789936,242,nan,nan,nan,0
1760316907.8741305,243,nan,nan,nan,0
1760316907.9522278,244,nan,nan,nan,0
1760316908.0199442,245,nan,nan,nan,0
1760316908.08614,246,nan,nan,nan,0
1760316908.1498454,247,nan,nan,nan,0
1760316908.2134285,248,nan,nan,nan,0
1760316908.27978,249,nan,nan,nan,0
1760316908.3538291,250,nan,nan,nan,0
1760316908.4315581,251,nan,nan,nan,0
1760316908.5179768,252,nan,nan,nan,0
1760316908.6069877,253,nan,nan,nan,0
1760316908.685733,254,nan,nan,nan,0
1760316908.7584026,255,nan,nan,nan,0
1760316908.8309205,256,nan,nan,nan,0
1760316908.9060104,257,nan,nan,nan,0
1760316908.979421,258,nan,nan,nan,0
1760316909.0510888,259,nan,nan,nan,0
1760316909.1227336,260,nan,nan,nan,0
